Top pages,Clicks,Impressions,CTR,Position
https://albadecor.co.uk/,79,9430,0.84%,43.04
http://albadecor.co.uk/,48,4605,1.04%,3
https://albadecor.co.uk/services/wood-finishing,11,680,1.62%,15.04
https://albadecor.co.uk/contact,5,607,0.82%,33.17
https://albadecor.co.uk/locations/winchmore-hill,5,586,0.85%,34.04
https://albadecor.co.uk/locations/cuffley,4,620,0.65%,45.18
https://albadecor.co.uk/services/commercial-painting,3,4528,0.07%,44.04
https://albadecor.co.uk/locations/totteridge,3,1910,0.16%,48.04
https://albadecor.co.uk/services/silicone-sealing,3,105,2.86%,7.2
https://albadecor.co.uk/locations/southgate,2,6701,0.03%,23.56
https://albadecor.co.uk/locations/barnet,2,6290,0.03%,36.76
https://albadecor.co.uk/services/cabinet-furniture-painting,2,1722,0.12%,25.91
https://albadecor.co.uk/services/spray-painting,2,639,0.31%,32.52
https://albadecor.co.uk/gallery,2,121,1.65%,16.24
https://albadecor.co.uk/services/wallpaper-services,1,1425,0.07%,39.76
https://albadecor.co.uk/services/residential-painting,1,1035,0.1%,55.66
https://albadecor.co.uk/blog/kitchen-cabinet-painting-vs-replacement-cost-guide-2025,1,385,0.26%,9.81
https://albadecor.co.uk/services/color-consultation,1,271,0.37%,10.92
https://albadecor.co.uk/services/wallpaper-installation,1,185,0.54%,62.67
https://albadecor.co.uk/services,1,153,0.65%,36.26
https://albadecor.co.uk/locations,0,3466,0%,45.12
https://albadecor.co.uk/services/interior-painting,0,1255,0%,40.41
https://albadecor.co.uk/locations/cockfosters,0,621,0%,40.76
https://albadecor.co.uk/services/decorative-finishes,0,445,0%,18.67
https://albadecor.co.uk/about,0,344,0%,41.77
https://albadecor.co.uk/locations/northaw,0,128,0%,35.81
https://albadecor.co.uk/services/wallpaper-installation/wallpaper-installation,0,116,0%,38.82
https://albadecor.co.uk/services/interior-decorating,0,62,0%,37.97
https://albadecor.co.uk/blog,0,41,0%,34.02
https://albadecor.co.uk/services/painting-decorating/hand-painted-kitchens,0,25,0%,46
https://albadecor.co.uk/services/painting-decorating/deck-painting,0,15,0%,12.93
https://www.albadecor.co.uk/,0,15,0%,17.8
https://albadecor.co.uk/services/painting-decorating/exterior-painting,0,15,0%,67.33
https://albadecor.co.uk/services/interior-decorating/specialty-paint-finishes,0,11,0%,16.36
https://albadecor.co.uk/services/painting-decorating/faux-finishes,0,8,0%,34.62
https://albadecor.co.uk/services/wallpaper-installation/feature-wall-wallpapering,0,7,0%,18
https://albadecor.co.uk/services/interior-decorating/luxury-interior-finishes,0,5,0%,35.2
https://albadecor.co.uk/services/painting-decorating/pub-painting,0,4,0%,9.5
https://albadecor.co.uk/services/interior-decorating/textured-wall-design,0,2,0%,7.5
https://albadecor.co.uk/services/painting-decorating/wallpaper-removal,0,2,0%,10
https://albadecor.co.uk/images/hero-kitchen.webp,0,1,0%,2
https://albadecor.co.uk/images/gallery/wallpaper/wallpaper-feature-wall-dining.webp,0,1,0%,3
https://albadecor.co.uk/images/gallery/decorative/decorative-venetian-plaster.webp,0,1,0%,4
https://albadecor.co.uk/favicon.png,0,1,0%,9
https://albadecor.co.uk/images/gallery/interior/interior-living-room-modern.webp,0,1,0%,10
https://albadecor.co.uk/images/gallery/commercial/commercial-office-space.webp,0,1,0%,12
https://albadecor.co.uk/images/gallery/kitchen/kitchen-cabinets-hand-painted.webp,0,1,0%,25
https://albadecor.co.uk/services/painting-decorating/textured-walls,0,1,0%,30
https://albadecor.co.uk/services/painting-decorating/drywall-repair,0,1,0%,36