Top queries,Clicks,Impressions,CTR,Position
alba decor,58,534,10.86%,5.62
albadecor,5,205,2.44%,13.43
alba painting,2,18,11.11%,5.11
painting and decorating,2,8,25%,1.38
painter barnet,1,295,0.34%,39.56
decorator near me,1,171,0.58%,65.96
barnet decorators,1,57,1.75%,23.32
painter and decorator enfield,1,22,4.55%,6.05
painter near me,1,8,12.5%,3.25
interior decorator,1,3,33.33%,2.33
painter decorator,1,1,100%,2
alba decoration,1,1,100%,5
painter and decorator hertfordshire,0,476,0%,47.91
spray painting hertfordshire,0,453,0%,1.39
commercial painting st albans,0,444,0%,23.99
domestic decorating hertfordshire,0,435,0%,50.32
decorating services in hertfordshire,0,428,0%,33.34
exterior painters southgate,0,416,0%,8.86
exterior painters potters bar,0,414,0%,30.07
commercial decorating st albans,0,398,0%,55.66
domestic decorators hertfordshire,0,378,0%,53.32
exterior decorators southgate,0,374,0%,6.59
house decorator southgate,0,373,0%,6.69
commercial decorating southgate,0,370,0%,6.88
house painter southgate,0,370,0%,8.18
painter southgate,0,368,0%,11.5
interior painters southgate,0,365,0%,8.01
decorator southgate,0,363,0%,7.09
commercial decorators southgate,0,362,0%,7.6
home decorating southgate,0,358,0%,7.96
domestic decorating southgate,0,352,0%,8.06
interior decorators southgate,0,341,0%,10.26
home decorating barnet,0,340,0%,23.26
spray painting broxbourne,0,333,0%,1.66
commercial decorators hertfordshire,0,333,0%,56.96
painter and decorators hertfordshire,0,324,0%,54.5
domestic decorating barnet,0,312,0%,47.19
decorator hertfordshire,0,305,0%,45.52
commercial decorating potters bar,0,304,0%,21.18
house painter barnet,0,304,0%,38.38
interior painters barnet,0,301,0%,26.93
household decorating hertford,0,298,0%,43.96
commercial decorating barnet,0,294,0%,25.73
exterior painters barnet,0,291,0%,30.31
house decorator barnet,0,289,0%,42.87
painters & decorators in hertfordshire,0,288,0%,60.97
commercial decorators barnet,0,285,0%,28.41
exterior decorators barnet,0,285,0%,37.42
decorator barnet,0,281,0%,43.63
interior decorators barnet,0,280,0%,33.45
commercial decorators whetstone,0,277,0%,30.27
exterior decorators whetstone,0,274,0%,40.12
home decorating potters bar,0,272,0%,25.09
commercial decorators potters bar,0,270,0%,28.41
wallpaper installation london,0,267,0%,49.97
interior decorators potters bar,0,261,0%,25.83
plastering southgate,0,260,0%,39.31
exterior decorators potters bar,0,257,0%,42.51
plastering cockfosters,0,257,0%,44.51
interior painters potters bar,0,255,0%,30.66
house painter potters bar,0,253,0%,45.07
domestic decorating hertford,0,244,0%,59.51
painter potters bar,0,240,0%,32.93
commercial decorating whetstone,0,240,0%,42.66
domestic decorating potters bar,0,239,0%,51.33
exterior painters whetstone,0,237,0%,59.63
decorators in hertford,0,229,0%,70.05
furniture painting st albans,0,222,0%,15.82
commercial decorating hertford,0,222,0%,45.91
house decorator potters bar,0,218,0%,34.5
interior painters whetstone,0,217,0%,60.87
furniture painting company st albans,0,214,0%,17.14
commercial painting hertford,0,210,0%,41.91
interior decorators whetstone,0,203,0%,19.32
commercial decorating hertfordshire,0,202,0%,48.5
local decorators hertfordshire,0,195,0%,55.98
house decorator whetstone,0,192,0%,61.96
interior painting london,0,191,0%,32.68
domestic painting hertford,0,191,0%,59.47
commercial painting company st albans,0,189,0%,27.17
painting and decorating in hertfordshire,0,189,0%,47.47
wallpaper removal london,0,186,0%,16.73
painting and decorating hertford,0,170,0%,62.13
house painter whetstone,0,150,0%,71.14
specialist cabinet painters,0,150,0%,77.2
commercial painting hitchin,0,149,0%,40.06
painters hertfordshire,0,149,0%,62.03
wood finishes & treatment professionals london,0,137,0%,9.64
local decorating companies,0,123,0%,21.8
wood finishes & treatment london,0,121,0%,13.47
external decorating moor park,0,121,0%,56.75
wallpapering services london,0,119,0%,21.6
best commercial painting and decorating st albans,0,117,0%,53
commercial painters in my area berkhamsted,0,117,0%,60.3
interior decorating potters bar,0,113,0%,26.09
spray painting potters bar,0,113,0%,28.1
wallpaper fitters london,0,113,0%,74.41
silicone render rickmansworth,0,111,0%,76.97
furniture painting company rickmansworth,0,110,0%,83.43
kitchen cabinet painters london,0,108,0%,16.95
painters potters bar,0,108,0%,36.68
commercial interior painting,0,108,0%,48.71
decorative finishes,0,107,0%,38.71
house painting harrow,0,103,0%,32.62
commercial decorating hitchin,0,103,0%,52
decorators potters bar,0,99,0%,71.1
best commercial painting and decorating berkhamsted,0,99,0%,72.54
wallpapering london,0,99,0%,78.36
london commercial painting service,0,98,0%,48.78
wallpaper services,0,97,0%,50.2
commercial painting greenhithe,0,90,0%,68.22
interior painter & decorators,0,87,0%,23.05
cabinet refinishing london,0,85,0%,15.08
wallpaper service,0,85,0%,32.32
painter and decorator hertfodshire,0,83,0%,55.51
commercial interior paint,0,80,0%,40.3
commercial painting london,0,77,0%,29.84
external decorating pinner,0,77,0%,63.86
painter & decorator in margate,0,76,0%,65.47
wallpaper hanging london,0,76,0%,80.72
commercial painters and decorators st albans,0,73,0%,87.03
exterior house painting barnet,0,72,0%,41.74
home decorating whetstone,0,70,0%,27.8
commercial painting letchworth garden city,0,70,0%,48.97
commercial spray painting enfield,0,69,0%,1.01
restaurant painting services,0,69,0%,22
domestic painting st albans,0,69,0%,25.77
domestic decorating berkhamsted,0,69,0%,87.04
furniture painting rickmansworth,0,69,0%,89.04
decorating company pinner,0,67,0%,57.25
professional residential decorating services,0,66,0%,20.27
painters in margate,0,66,0%,54.8
interior painting and decorating,0,65,0%,11.02
local decorator,0,64,0%,24.5
professional interior painting uk,0,61,0%,24.3
professional exterior house painters,0,61,0%,64.25
decorators in margate,0,60,0%,63.4
decorators barnet,0,56,0%,26.36
apartment painting london,0,54,0%,25.17
professional interior painting,0,54,0%,29.93
exterior commercial painters near me berkhamsted,0,53,0%,91.02
decorating companies berkhamsted,0,52,0%,91.23
domestic painting letchworth garden city,0,51,0%,57.96
paint decorating caldecotte,0,51,0%,63.08
commercial spray painting westminster,0,50,0%,1
residential home painting,0,50,0%,35.14
commercial painting service in london,0,49,0%,44.53
interior painting in london,0,48,0%,24.15
painting and decorating near me,0,48,0%,52.29
local decorators near me for painting berkhamsted,0,48,0%,90.46
custom furniture painting near me st albans,0,47,0%,40
commercial decorator harrow,0,47,0%,87.79
commercial painting and decorating holborn,0,46,0%,41.8
decorating company moor park,0,46,0%,53.96
domestic decorating letchworth garden city,0,46,0%,65.41
domestic decorating st albans,0,46,0%,95.24
wallpaper installers,0,44,0%,37.16
commercial decorators near me st albans,0,44,0%,65.09
painters hill,0,44,0%,71.3
spray paint services london,0,43,0%,76.93
domestic decorating hitchin,0,43,0%,80.05
totteridge painter,0,41,0%,8.76
painting and decorating barnet,0,41,0%,27.22
exterior painting and decorating holborn,0,41,0%,57.98
painter decorator hinxworth,0,41,0%,72.22
local decorators berkhamsted,0,41,0%,90.02
wooden exterior and interior finishing london,0,40,0%,7.58
decorating holborn,0,40,0%,48.98
exterior painters isleworth,0,38,0%,48.61
professional painting and decorating,0,37,0%,78.19
commercial painting and decorating mayfair,0,36,0%,63.67
commercial decorator uxbridge,0,36,0%,66.31
spray painting services hertfordshire,0,35,0%,22.06
commercial painter in greenmount,0,35,0%,42.03
wallpaper hanging service,0,35,0%,61.89
wallpaper hangers london,0,35,0%,80.23
painting and decorating virginia water,0,34,0%,42.38
painter and decorator albourne,0,34,0%,77
interior house painting services,0,34,0%,86.15
out of hours commercial painters,0,33,0%,19.18
wood staining sutton,0,33,0%,37.12
painter and decorator highgate,0,33,0%,44.91
domestic decorator pinner,0,33,0%,56.73
rendering cockfosters,0,32,0%,30.16
hall's quality painting,0,32,0%,42.72
local painter and decorator,0,31,0%,22.1
commercial painting and decorating mildenhall,0,31,0%,58.52
insured painter,0,30,0%,7.9
home decorators,0,30,0%,15
hadley shaker painted wood kitchens in hertfordshire,0,29,0%,15.14
painter and decorator in barnet,0,29,0%,41.14
wallpaper installer,0,29,0%,49.9
industrial decorating hertford,0,29,0%,51.97
commercial decorator pinner,0,29,0%,57.21
local painter and decorator berkhamsted,0,29,0%,66.52
commercial painters in my area st albans,0,29,0%,79.14
exterior wall coatings barnet,0,28,0%,39.64
local decorators st albans,0,28,0%,81.43
painters near me barnet,0,27,0%,2.44
professional exterior painting uk,0,27,0%,50.11
household decorating letchworth garden city,0,27,0%,59.63
commercial painters greenhithe,0,27,0%,71.07
decorator potters bar,0,27,0%,88.78
eco friendly cabinet refinishing london,0,26,0%,54.62
decorators hertford,0,26,0%,62.62
plastering barnet,0,26,0%,80.73
professional decorator service,0,25,0%,40.4
painter decorator hertford,0,25,0%,61.88
premium paint finishes london,0,24,0%,16.88
wall preparations north london,0,24,0%,23.21
exterior painting and decorating mayfair,0,24,0%,53.71
spray painting services beckenham,0,24,0%,92.5
decorating fitzrovia,0,23,0%,29.87
painter whetstone,0,23,0%,79.17
wood finishing services,0,22,0%,42.91
borehamwood decorator,0,22,0%,45.27
hand painted kitchen london,0,22,0%,55.23
quality interior painting london,0,22,0%,58.55
decorator in barnet,0,21,0%,18.81
furniture painting london,0,21,0%,30.43
decorators in st albans,0,21,0%,61.9
decorator in finchley,0,21,0%,74.86
bespoke kitchen cabinet painters,0,21,0%,92.24
premium decorating,0,20,0%,10.95
residential painting london,0,20,0%,29.4
commercial painting and decorating covent garden,0,20,0%,43
interior house painting service in london,0,20,0%,45.95
interior home painting service earls court,0,20,0%,51.85
painting and decorating services near me berkhamsted,0,20,0%,80.5
property renovation southgate,0,20,0%,91.55
how much to paint a kitchen walls and ceiling,0,19,0%,1
spray painting doors london,0,19,0%,23.95
spray painting services,0,19,0%,53.11
professional decorator service uk,0,18,0%,29.33
professional painting decorating,0,18,0%,77
internal decorating pinner,0,18,0%,78.72
painter and decorator cockfosters,0,17,0%,10.82
london interior house painting service,0,17,0%,42.24
commercial painter in whitefield,0,17,0%,49.47
commercial building paint,0,17,0%,49.82
"interior painter in borehamwood, hertfordshire -site:indeed.com 
-site:instagram.com -site:wikipedia.org -site:linkedin.com -site:bark.com 
-site:facebook.com/groups",0,17,0%,52.29
3 for 2 paint ers,0,17,0%,53.41
domestic decorator uxbridge,0,17,0%,53.82
painter and decorator in enfield,0,16,0%,2
residential painting,0,16,0%,36
cabinet painting,0,16,0%,37.38
decorator in borehamwood,0,16,0%,60.31
wallpaper with installation,0,16,0%,83.94
alba,0,15,0%,3.87
long-lasting exterior painting and decorating north london,0,15,0%,12.4
"painter and decorator in waltham cross, hertfordshire",0,15,0%,12.47
"professional painter in waltham cross, hertfordshire, uk",0,15,0%,12.53
alba interiors,0,15,0%,17.53
residential paint spraying london,0,15,0%,17.93
wallpaper installation service,0,15,0%,24.87
decorator in albourne,0,15,0%,48.47
london exterior house painting service,0,15,0%,51.47
cabinet painting london,0,15,0%,67.67
spray painting enfield,0,14,0%,1
commercial decorator moor park,0,14,0%,16.93
local interior decorators near me,0,14,0%,36.43
interior house painting service earls court,0,14,0%,48.71
painting and decorating enfield,0,14,0%,54.79
spray paint services,0,14,0%,57.36
ultimate decor london,0,14,0%,65
professional wallpaper installers in greater london,0,14,0%,78.5
painted kitchens london,0,14,0%,90.5
office painting services greenhithe,0,14,0%,94.93
"interior painter in waltham cross, hertfordshire",0,13,0%,8.08
decorators near me,0,13,0%,10.62
spray render barnet,0,13,0%,16.92
commercial painters southgate,0,13,0%,18.92
paint and decorator near me,0,13,0%,48.62
commercial painters in my area rickmansworth,0,13,0%,67.69
decorating company london,0,13,0%,72.38
decorators near me berkhamsted,0,13,0%,74.38
wallpaper hanger london,0,13,0%,83.77
exterior painting chislehurst,0,13,0%,87.23
"painting contractor in waltham cross, hertfordshire",0,12,0%,4.83
painters near me,0,12,0%,5.33
spray painting popcorn ceiling london,0,12,0%,10.33
cost to sand prime paint doors drawer fronts uk,0,12,0%,15.25
wallpaper installation services,0,12,0%,21.5
"interior painter in london, n14",0,12,0%,21.83
commercial painting service london,0,12,0%,23.08
interior painting services london,0,12,0%,28.33
wallpaper contractor,0,12,0%,39
mdf spraying london,0,12,0%,39.08
exterior woodwork painting saffron walden,0,12,0%,45.25
painter and decorator finchley,0,12,0%,74.92
halls painting and decorating,0,12,0%,79.33
furniture painting company harpenden,0,12,0%,80.5
exterior painting and decorating,0,11,0%,1
"painter in waltham abbey, essex",0,11,0%,1
alba homes,0,11,0%,3.82
alba premium painting,0,11,0%,9.73
painter in barnet,0,11,0%,12.91
wallpaperer in london,0,11,0%,37.82
painter and decorator broxbourne,0,11,0%,42.45
decorator in north london,0,11,0%,59.82
spray painters london,0,11,0%,63.64
commercial decorating berkhamsted,0,11,0%,86.91
spray painting westminster,0,10,0%,3
painter and decorator barnet,0,10,0%,15.7
interior finishes london,0,10,0%,18.2
spray painting services london,0,10,0%,37.3
painter and decorators near me,0,10,0%,45.6
premium painting and decorating,0,10,0%,47.8
house painting service earls court,0,10,0%,48.5
domestic decorating rickmansworth,0,10,0%,56.9
decorating company harrow,0,10,0%,62.2
"painter in waltham cross, hertfordshire, uk",0,9,0%,3.33
painters & decorators waltham abbey,0,9,0%,6.78
new builds painting london,0,9,0%,10.67
local painter decorator,0,9,0%,15.11
"professional painter in waltham cross, hertfordshire",0,9,0%,16.78
outdoor painters,0,9,0%,16.89
decor services,0,9,0%,24.67
spray painting london,0,9,0%,30.44
which local painters and decorators,0,9,0%,35
residential painting services,0,9,0%,35.44
painter and decorator totteridge,0,9,0%,35.78
decorator highgate,0,9,0%,44.67
spray painting service,0,9,0%,53.67
domestic decorating,0,9,0%,70.11
commercial wallpaper installation,0,9,0%,72.89
painting and decorating st albans,0,9,0%,91.89
"painter in waltham abbey, essex, uk",0,8,0%,1.38
painter decorator cheshunt,0,8,0%,1.88
"painter in waltham cross, hertfordshire",0,8,0%,5.25
"painting contractor in london, n14",0,8,0%,10.88
local home decorator,0,8,0%,13.88
new builds painting services london,0,8,0%,17.62
wallpaper removal companies,0,8,0%,20.5
interior and exterior painting watford,0,8,0%,32.38
painters southgate,0,8,0%,33.62
cost of repainting kitchen cabinets,0,8,0%,34.38
painter decorator claygate,0,8,0%,36.5
painters isleworth,0,8,0%,38.12
interior house painting services uk,0,8,0%,43.38
buntingford decorator,0,8,0%,70.25
decorator north london,0,8,0%,80.5
painters chislehurst beckenham,0,8,0%,88.62
decorator in enfield,0,7,0%,2.14
painter and decorator near me,0,7,0%,2.29
"professional painter in hadley wood, greater london",0,7,0%,12
"painter and decorator in cheshunt, hertfordshire",0,7,0%,12.57
painter and decorator,0,7,0%,13
interior painting north london,0,7,0%,15.43
painter totteridge,0,7,0%,18
local interior decorators,0,7,0%,18.14
best kitchen cabinet paint london,0,7,0%,21.43
painters and decorators barnet,0,7,0%,26.43
wood flooring northaw,0,7,0%,44.43
house painters southgate,0,7,0%,46.29
painting services london,0,7,0%,47.29
domestic decorator northwood,0,7,0%,47.57
ab painting and decorating,0,7,0%,59.57
commercial decorators near me berkhamsted,0,7,0%,68.71
decorators north london,0,7,0%,80.14
painters and decorators north london,0,7,0%,91.14
commercial painting company berkhamsted,0,7,0%,97.57
5l paint coverage,0,6,0%,1
how much does 5l paint cover,0,6,0%,1
"painter and decorator in waltham abbey, essex",0,6,0%,1.17
decorator,0,6,0%,1.67
staining and woodwash london,0,6,0%,3.5
"painting contractor in hadley wood, greater london",0,6,0%,9.67
professional interior painter,0,6,0%,14.83
professional wood finishing,0,6,0%,15.33
internal house painting,0,6,0%,20.83
furniture spray painters near berkhamsted,0,6,0%,24.67
spray painting stevenage,0,6,0%,31
painter in hertford,0,6,0%,39.5
"interior painter in hadley wood, london",0,6,0%,42
painters and decorators hertford,0,6,0%,54.17
professional cabinet refinishing london,0,6,0%,56.5
commercial painting and decorating histon,0,6,0%,64.33
commercial painting east london,0,6,0%,68.33
line painters,0,6,0%,71
commercial decorating london,0,6,0%,76.17
domestic decorator harrow,0,6,0%,78.17
painting and decorating north london,0,6,0%,82.17
painter and decorator rotherfield,0,6,0%,87.67
professional spray painting,0,6,0%,90
"interior painter in waltham abbey, essex, uk",0,5,0%,1
"interior painter in waltham abbey, essex",0,5,0%,1.2
painting services,0,5,0%,1.6
painter decorator near me,0,5,0%,2
"painter and decorator in waltham cross, hertfordshire, uk",0,5,0%,3.6
"interior painter in waltham cross, hertfordshire, uk",0,5,0%,4.4
painter and decorator southgate,0,5,0%,11.8
decking painting london,0,5,0%,13.4
wood finishes & treatment professionals,0,5,0%,14.6
high end paint application london,0,5,0%,17
professional wallpaper installers,0,5,0%,21
interior painting service london,0,5,0%,21.4
professional cabinet painting cost,0,5,0%,22.6
external decorating northwood,0,5,0%,23
interior painting services in london,0,5,0%,26
interior painting services,0,5,0%,26.4
household paint services,0,5,0%,28.8
commercial decorators,0,5,0%,30
wood staining near me,0,5,0%,39.2
find local decorators,0,5,0%,43.4
wallpapering north london,0,5,0%,47.6
painting consultation,0,5,0%,53.8
painting and decorating welwyn garden city,0,5,0%,66.2
anti-slip coating services london,0,5,0%,66.4
painters harrow,0,5,0%,68
exterior painters hampstead,0,5,0%,69
domestic decorating welwyn garden city,0,5,0%,72.8
spray painting isleworth,0,5,0%,79.4
painting and decoratating contractors rickmansworth,0,5,0%,91.2
painter and decorator chislehurst,0,5,0%,94.8
5 litre paint coverage,0,4,0%,1
painters near me brent,0,4,0%,1
house painter,0,4,0%,2
painter,0,4,0%,3
alba dekor,0,4,0%,5.25
outside painters in my area,0,4,0%,10
"interior decorator in waltham cross, hertfordshire",0,4,0%,11.25
"interior painter in enfield, uk",0,4,0%,14.75
high end painter totteridge,0,4,0%,15.5
painters barnet,0,4,0%,16
wallpapering professionals london,0,4,0%,16.25
"painter and decorator in hadley wood, greater london",0,4,0%,17
indoor paint london,0,4,0%,17.25
decorators in barnet,0,4,0%,18.25
bespoke cabinet painter south east london,0,4,0%,18.75
"painting contractor in waltham cross, hertfordshire, uk",0,4,0%,22
wallpaper installers london,0,4,0%,24
painters and decorators in barnet,0,4,0%,25
commercial painting,0,4,0%,26.5
find a local painter and decorator,0,4,0%,27
staining services,0,4,0%,28.75
domestic painting services london,0,4,0%,30.25
painters and decorators near me,0,4,0%,31.5
sealant contractors for healthcare london,0,4,0%,32.75
"professional painter in cheshunt, hertfordshire",0,4,0%,35.5
wallpaper installation services in london,0,4,0%,36.5
"professional painter in potters bar, hertfordshire, uk",0,4,0%,42.25
exterior house painting service in london,0,4,0%,42.5
painting and decor,0,4,0%,43.5
interior commercial painting,0,4,0%,49.25
expert wallpaper installation,0,4,0%,55.5
interior decorating ealing,0,4,0%,62.25
alba paints,0,4,0%,62.5
london commercial painter,0,4,0%,65.25
"painter and decorator in elm park, greater london",0,4,0%,65.5
ab decorating services,0,4,0%,75.75
spray painting services watford,0,4,0%,76.75
interior design paint consultation,0,4,0%,79.5
paint and decorator rickmansworth,0,4,0%,82.25
north london painter decorator,0,4,0%,89.5
commercial painters london,0,4,0%,92.25
professional interior house painting,0,4,0%,93.25
commercial painting dalton,0,4,0%,94.75
internal decorating uxbridge,0,4,0%,95
5l of paint coverage,0,3,0%,1
air compressor for painting,0,3,0%,1
best paint for kitchen sink,0,3,0%,1
cost to paint kitchen walls and ceiling,0,3,0%,1
interior decor,0,3,0%,1
local guide program,0,3,0%,1
painting interior design,0,3,0%,1
house decorating,0,3,0%,1.67
painters in enfield,0,3,0%,3.33
"painter and decorator in enfield, uk",0,3,0%,3.67
"interior designers in waltham cross, hertfordshire",0,3,0%,4
oram's bespoke decorating,0,3,0%,5.33
"interior decorator in waltham cross, hertfordshire, uk",0,3,0%,6.33
premium painters,0,3,0%,6.33
painter and decorator cheshunt,0,3,0%,6.67
alba paint,0,3,0%,7.33
painting and decorating agencies,0,3,0%,7.33
fine finish painters london,0,3,0%,9.67
decorator totteridge,0,3,0%,10.33
home decor services,0,3,0%,12
timber cladding staining service,0,3,0%,14.33
painters in barnet,0,3,0%,14.67
"professional painter in london, n21",0,3,0%,16
barnet painters,0,3,0%,18.33
"professional painter in london, n14",0,3,0%,21
professional cabinet painting,0,3,0%,22
"professional painter in hadley wood, london",0,3,0%,24.67
decorating services,0,3,0%,26.67
commercial painting solutions,0,3,0%,29
"professional painter in enfield, uk",0,3,0%,31.67
house painting services london,0,3,0%,33
commercial interior painting services,0,3,0%,33.67
services wallpaper,0,3,0%,34.33
"interior painter in watford, hertfordshire, uk",0,3,0%,35.33
professional wallpaper installer,0,3,0%,39
mdf spray painting london,0,3,0%,39.67
"professional painter in elm park, greater london",0,3,0%,43.33
london decor company,0,3,0%,44
paint kitchen cabinets cost,0,3,0%,46.67
fjorentin,0,3,0%,47
painter and decorator piccadilly,0,3,0%,48.33
"painter in potters bar, hertfordshire, uk",0,3,0%,50.33
paint and decor,0,3,0%,50.67
"interior painter in london, n11",0,3,0%,51.67
painter bexley,0,3,0%,60
"painter and decorator in barnet, uk",0,3,0%,61.67
"interior painter in watford, hertfordshire",0,3,0%,68.33
"painter and decorator in harold wood, greater london",0,3,0%,68.67
wood varnishes croydon,0,3,0%,70
"interior painter in borehamwood, hertfordshire, uk -site:indeed.com 
-site:instagram.com -site:wikipedia.org -site:linkedin.com -site:bark.com 
-site:facebook.com/groups",0,3,0%,71
"painter in barnet, uk",0,3,0%,72.67
decorating company uxbridge,0,3,0%,73
decorators in welwyn garden city,0,3,0%,75.33
wood stainers near me,0,3,0%,78.67
best local painters and decorators near me berkhamsted,0,3,0%,84.67
spray painter london,0,3,0%,87.33
spray painters in london,0,3,0%,90.33
painter and decorator in borehamwood,0,3,0%,91
painter and decorator hayes,0,3,0%,91.33
household decorating hitchin,0,3,0%,92
internal decorating harrow,0,3,0%,93.67
spray painting french doors,0,3,0%,94
decorator whetstone,0,3,0%,96.67
north london decorator,0,3,0%,96.67
commercial decorating rickmansworth,0,3,0%,97.67
interior exterior painters near me berkhamsted,0,3,0%,97.67
painter and decorators st albans,0,3,0%,97.67
painting decorating company london,0,3,0%,142.33
5 litres of paint coverage,0,2,0%,1
air compressor paint,0,2,0%,1
best sanitary silicone uk,0,2,0%,1
ceiling painting,0,2,0%,1
"ceiling repair in waltham cross, hertfordshire",0,2,0%,1
exclusive finishes,0,2,0%,1
exterior painting company,0,2,0%,1
facade restoration cockfosters,0,2,0%,1
house painting services,0,2,0%,1
how much does 5 litres of paint cover,0,2,0%,1
how much does 5l of paint cover,0,2,0%,1
how much will 5l paint cover,0,2,0%,1
"interior painter in cheshunt, hertfordshire",0,2,0%,1
laminate paint colours,0,2,0%,1
paint air compressor,0,2,0%,1
paint and grain,0,2,0%,1
"painting contractor in cheshunt, hertfordshire",0,2,0%,1
what area does 5l paint cover,0,2,0%,1
"painting contractor in waltham abbey, essex",0,2,0%,1.5
decorator enfield,0,2,0%,2
decorator painter,0,2,0%,2
painter & decorator near me prices,0,2,0%,2
painter and decorator companies near me,0,2,0%,2.5
painting decorating,0,2,0%,2.5
alba exteriors,0,2,0%,3
al decoration,0,2,0%,4
"painter and decorator in enfield, greater london",0,2,0%,5
wallpaper repair service,0,2,0%,6.5
wallpaper repair,0,2,0%,8.5
wood staining services,0,2,0%,10
"interior decorator in london, n14",0,2,0%,10.5
wallpaper sticking service,0,2,0%,11
spray painting popcorn ceiling sutton,0,2,0%,11.5
spray painting popcorn ceiling balham,0,2,0%,12
wallpaper removal service near me,0,2,0%,12
"painter in high barnet, greater london",0,2,0%,12.5
exterior painter,0,2,0%,13
wallpaper removal services,0,2,0%,13.5
professional wood staining,0,2,0%,14
bespoke decorative finishes,0,2,0%,15
"painter and decorator in potters bar, hertfordshire, uk",0,2,0%,15
"professional painter in barnet, uk",0,2,0%,16
barnet decorator,0,2,0%,17
interior design spray production,0,2,0%,19
"interior painter in london, n21",0,2,0%,19
"interior decorator in barnet, greater london",0,2,0%,20
"painting contractor in barnet, uk",0,2,0%,21.5
wallpapering services,0,2,0%,21.5
cabinet painting near me,0,2,0%,22.5
professional interior painting services,0,2,0%,23.5
professional wallpaper installer near me,0,2,0%,24
"painting contractor in potters bar, hertfordshire, uk",0,2,0%,26
"painting contractor in edgware, barnet, uk",0,2,0%,30.5
commercial painters westminster,0,2,0%,31
how much to paint kitchen cabinets,0,2,0%,32.5
"painting contractor in barnet, greater london",0,2,0%,33
paint color consultant near me,0,2,0%,34
drywall and painting,0,2,0%,35
painter decorator in sandgate,0,2,0%,35
decorators in cliviger,0,2,0%,36
external decorating uxbridge,0,2,0%,36
"interior painter in barnet, greater london",0,2,0%,40
abbey decor,0,2,0%,41
painter and decorator westminster,0,2,0%,41
painters westminster,0,2,0%,41
interior painting contractor,0,2,0%,43.5
interior painting johns creek,0,2,0%,43.5
wallpapering service,0,2,0%,43.5
wallpaper installer near me,0,2,0%,44.5
custom wall finishes,0,2,0%,45
london decorating company,0,2,0%,45
express painting,0,2,0%,46
aw decorators,0,2,0%,47.5
house painting moor park,0,2,0%,47.5
"professional painter in london, n11",0,2,0%,47.5
northaw removals,0,2,0%,48.5
"painting contractor in potters bar, hertfordshire",0,2,0%,49.5
commercial painters & decorators elland,0,2,0%,50
decorating london,0,2,0%,50
aurora painters,0,2,0%,50.5
kitchen decorators near me,0,2,0%,50.5
"painter in cheshunt, hertfordshire",0,2,0%,50.5
wallpaper installation company,0,2,0%,50.5
hand painting kitchens,0,2,0%,52
mdf spraying near me,0,2,0%,52
wood furniture painters near me rickmansworth,0,2,0%,52.5
decorators shop near me,0,2,0%,53
painter and decorator abinger,0,2,0%,60.5
interior painting company,0,2,0%,63.5
wallpaper specialist,0,2,0%,64
coastal decorators,0,2,0%,65
ab painting services,0,2,0%,67.5
kitchen cabinets potters bar,0,2,0%,67.5
"painter and decorator in edgware, barnet, uk",0,2,0%,68.5
painting and decorating tips,0,2,0%,68.5
ab decorating,0,2,0%,69.5
"interior painter in northolt, greater london",0,2,0%,69.5
commercial decorator london,0,2,0%,71
"interior designer in waltham cross, hertfordshire",0,2,0%,72
wood flooring cuffley,0,2,0%,73.5
ab decorators,0,2,0%,77.5
commercial decoration and painting,0,2,0%,79
paint and more,0,2,0%,79
paint and decorating rickmansworth,0,2,0%,81
painting and decorating contractors rickmansworth,0,2,0%,82.5
painter decorator north london,0,2,0%,83
"professional painter in margate, kent",0,2,0%,83.5
"interior painter in borehamwood, hertfordshire",0,2,0%,89.5
decorations hertfordshire,0,2,0%,90.5
london wallpaper decorating,0,2,0%,91
painting and decorating in queens park,0,2,0%,94.5
north london painting and decorating,0,2,0%,98
decorators in north london,0,2,0%,98.5
decor spray,0,2,0%,99
external decorators near me,0,2,0%,99
painter and decorator north london,0,2,0%,99
"interior painter in stevenage, hertfordshire",0,2,0%,99.5
"professional painter in watford, hertfordshire, uk",0,2,0%,99.5
100ml paint coverage,0,1,0%,1
5 liter paint cover how much area,0,1,0%,1
5 liters of paint coverage,0,1,0%,1
5 litre paint coverage area,0,1,0%,1
air compressor painting,0,1,0%,1
alba cabinets,0,1,0%,1
alba home,0,1,0%,1
artisan painter,0,1,0%,1
best emulsion paint sprayer uk,0,1,0%,1
best exterior house color combinations,0,1,0%,1
best interior works near me,0,1,0%,1
best natural paint colours,0,1,0%,1
best paint for static caravan interior,0,1,0%,1
best painter and decorator near me,0,1,0%,1
best place for paint,0,1,0%,1
business paint,0,1,0%,1
cabinet transformation prices,0,1,0%,1
can i paint kitchen cabinets,0,1,0%,1
can you paint melamine,0,1,0%,1
color paint,0,1,0%,1
commercial painters,0,1,0%,1
cost of new kitchen,0,1,0%,1
cost to paint kitchen cabinets vs replace,0,1,0%,1
coverage of 5l paint,0,1,0%,1
decor specialists,0,1,0%,1
decorating painting,0,1,0%,1
decoration company,0,1,0%,1
decorations company near me,0,1,0%,1
decorative paint brush,0,1,0%,1
decorator cost,0,1,0%,1
decorator paints,0,1,0%,1
decorators prices,0,1,0%,1
how much do painters charge per room,0,1,0%,1
how much does a 5 litre tin of paint cover,0,1,0%,1
how much paint does 5l cover,0,1,0%,1
how much to have kitchen cabinets professionally painted,0,1,0%,1
how much will 5l of paint cover,0,1,0%,1
how to paint council kitchen cupboards,0,1,0%,1
interior decorating services,0,1,0%,1
"interior decorator in cheshunt, hertfordshire",0,1,0%,1
interior spray painting rates per m2 uk,0,1,0%,1
kitchen door coatings reviews,0,1,0%,1
local painter and decorator near me,0,1,0%,1
luxury painting and decorating,0,1,0%,1
metal cupboard painting cost,0,1,0%,1
online estimates painter near me,0,1,0%,1
painted cabinets,0,1,0%,1
painter and decorator essex,0,1,0%,1
painting and decorating agencies near me,0,1,0%,1
professional house painters in my area,0,1,0%,1
professional painter,0,1,0%,1
professional painting services,0,1,0%,1
residential painting contractors,0,1,0%,1
spray painting cost per square foot,0,1,0%,1
texture plaster walls,0,1,0%,1
textured plaster wall,0,1,0%,1
textured plaster walls,0,1,0%,1
venetian plaster walls,0,1,0%,1
venetian plaster walls uk,0,1,0%,1
wallpaper matching service,0,1,0%,1
wet area silicone sealant,0,1,0%,1
what area does 5 litres of paint cover,0,1,0%,1
white emulsion paint,0,1,0%,1
alb decor,0,1,0%,2
best cheap painter and decorator near me,0,1,0%,2
cheap painter and decorator near me,0,1,0%,2
cheap painter decorator,0,1,0%,2
decorating estimates near me,0,1,0%,2
dulux paint coverage calculator,0,1,0%,2
epoxy paint for kitchen cabinets,0,1,0%,2
exterior house painters near me,0,1,0%,2
exterior painting,0,1,0%,2
exterior painting companies,0,1,0%,2
external painters near me,0,1,0%,2
fancy finishes,0,1,0%,2
interior decorating service,0,1,0%,2
interior painter and decorator in enfield,0,1,0%,2
local painters,0,1,0%,2
paint walls,0,1,0%,2
painter & decorator near me,0,1,0%,2
painter and decorater,0,1,0%,2
painter and decorating near me,0,1,0%,2
painting 6 panel interior doors,0,1,0%,2
painting contractors near me,0,1,0%,2
painting services near me,0,1,0%,2
residential painting and decorating,0,1,0%,2
wallpaper installed,0,1,0%,2
decorater,0,1,0%,3
door staining service,0,1,0%,3
dulux paint how much do i need,0,1,0%,3
exterior decorating,0,1,0%,3
farrow and ball paint for kitchen cabinets,0,1,0%,3
half and half walls,0,1,0%,3
home decor painting,0,1,0%,3
house painting,0,1,0%,3
paint coverage calculator,0,1,0%,3
painter and decorator uk,0,1,0%,3
painting and decorating price list,0,1,0%,3
custom wood finishing,0,1,0%,4
decoration work,0,1,0%,4
decorative plastering north london,0,1,0%,4
f&b yellow,0,1,0%,4
facade restoration winchmore hill,0,1,0%,4
intior,0,1,0%,4
painters,0,1,0%,4
painting and decorating courses near me,0,1,0%,4
artist residence london,0,1,0%,5
construction decoration,0,1,0%,5
paint colors,0,1,0%,5
paint colours,0,1,0%,5
5l wood paint,0,1,0%,6
painters exterior house,0,1,0%,6
property sealing,0,1,0%,6
painter and decorator hoddesdon,0,1,0%,7
wood varnish service near me,0,1,0%,7
full coverage painting,0,1,0%,8
help with painting and decorating,0,1,0%,8
kitchen painting average cost comparison,0,1,0%,8
painters uk,0,1,0%,8
professional wood stainers near me,0,1,0%,8
specialty painting,0,1,0%,8
wallpaper,0,1,0%,8
door mat painting near me,0,1,0%,9
door staining service near me,0,1,0%,9
professional painter decorator,0,1,0%,9
staining contractors,0,1,0%,9
alba interior,0,1,0%,10
alba near me,0,1,0%,10
flooring wallpaper,0,1,0%,10
interior painting contracts near me,0,1,0%,10
interior painting uk,0,1,0%,10
average cost to paint kitchen cabinets professionally 2025,0,1,0%,11
eleanor painter,0,1,0%,11
exterior painting and stucco repair near me,0,1,0%,11
paint and decorator needed,0,1,0%,11
painting and wallpaper services,0,1,0%,11
professional wood stainers,0,1,0%,11
residential painting specialists,0,1,0%,11
wood staining professionals,0,1,0%,11
fence spraying near me,0,1,0%,12
house painting exterior,0,1,0%,12
local interior painters,0,1,0%,12
luxury interior finishes uk,0,1,0%,12
premium painting,0,1,0%,12
"professional painter in hoddesdon, hertfordshire, uk",0,1,0%,12
wallpaper removal contractors,0,1,0%,12
decorating services near me,0,1,0%,13
feature wall wallpaper installer,0,1,0%,13
ornate decorating services,0,1,0%,13
"painter in london, n14",0,1,0%,13
"professional painter in hoddesdon, hertfordshire",0,1,0%,13
wallpaper sticking service near me,0,1,0%,13
who offers professional painting and decorating for offices?,0,1,0%,13
"painter and decorator in london, n14",0,1,0%,14
"painting contractor in high barnet, greater london",0,1,0%,14
painting firms near me,0,1,0%,14
ceiling decoration,0,1,0%,15
clean walls,0,1,0%,16
commerce painting,0,1,0%,16
external decorators,0,1,0%,16
painters local,0,1,0%,16
wallpaper supply and installation,0,1,0%,17
wood staining contractors,0,1,0%,17
exterior decorators,0,1,0%,18
painters and decorators,0,1,0%,18
interior painting professionals in london,0,1,0%,19
high-quality paint finishes london,0,1,0%,20
painters and decorators south london,0,1,0%,20
painting and decorating businesses,0,1,0%,20
restaurant brand refresh hertfordshire,0,1,0%,20
wood spraying london,0,1,0%,20
commercial painting companies,0,1,0%,21
home color consultant,0,1,0%,21
painters in laurelhurst,0,1,0%,21
painting commercial,0,1,0%,21
hand painted kitchens london,0,1,0%,22
plastering cuffley,0,1,0%,22
"painter in london, n11",0,1,0%,23
best kitchen cupboard paint,0,1,0%,24
commercial interior painting company,0,1,0%,24
interior painters north london,0,1,0%,26
professional home decorating,0,1,0%,26
wallpaper professionals,0,1,0%,26
hertfordshire spray painters,0,1,0%,27
painting specialists,0,1,0%,27
wallpaper installations,0,1,0%,27
painting and decorations north london,0,1,0%,28
professional painters,0,1,0%,28
professional wallpapering services,0,1,0%,28
varnishing services,0,1,0%,28
painter decorators near me,0,1,0%,29
painting and decorating companies,0,1,0%,29
restaurant painting contractors,0,1,0%,29
"interior painter in barnet, uk",0,1,0%,30
painters wanted near me,0,1,0%,30
retail painters,0,1,0%,30
cupboard painting near me,0,1,0%,31
deck painters near me,0,1,0%,31
home painting solutions,0,1,0%,31
painter decorator near me in sandgate,0,1,0%,31
"interior decorator in barnet, uk",0,1,0%,32
"painter in harold wood, greater london",0,1,0%,32
painters highgate,0,1,0%,32
"professional painter in harold wood, greater london",0,1,0%,33
decorator services near me,0,1,0%,34
residential painting solutions,0,1,0%,34
woodwork finishing,0,1,0%,34
engraving totteridge,0,1,0%,35
trusted painters london,0,1,0%,35
home charm paint uses london,0,1,0%,36
painting decorating companies london,0,1,0%,36
commercial interior painting service,0,1,0%,38
"""decorating"" inurl:blog inurl:uk",0,1,0%,39
cost of kitchen cabinet painting,0,1,0%,39
cost paint kitchen cabinets,0,1,0%,39
decorative finishes for walls,0,1,0%,40
"interior designers in high barnet, greater london",0,1,0%,40
interior painting & decorating,0,1,0%,40
best house painters near me,0,1,0%,41
cost of painting kitchen cabinets,0,1,0%,41
custom interior painting,0,1,0%,41
"interior painter in pinner, greater london",0,1,0%,41
how much does it cost to paint kitchen cabinets,0,1,0%,42
interior painting specialists,0,1,0%,42
online estimates painters near me,0,1,0%,42
interior painting,0,1,0%,43
painting kitchen cabinets cost,0,1,0%,43
wall decorating centre,0,1,0%,43
wood cabinet painting,0,1,0%,43
builders waltham abbey,0,1,0%,44
kitchen cabinet repainting,0,1,0%,44
ab decor,0,1,0%,45
commercial kitchen painting,0,1,0%,45
cost to paint kitchen cabinet,0,1,0%,45
interior wood finishing,0,1,0%,45
repaint kitchen cabinets cost,0,1,0%,45
wall covering installer,0,1,0%,45
born to paint,0,1,0%,47
how much does painting kitchen cabinets cost,0,1,0%,47
al decorating,0,1,0%,48
cost for painting kitchen cabinets,0,1,0%,48
how much does it cost to repaint kitchen cabinets,0,1,0%,48
interior door spray painting service near me,0,1,0%,48
professional staining,0,1,0%,48
commercial decorating harpenden,0,1,0%,49
cost to paint kitchen cabinets,0,1,0%,50
northaw moving company,0,1,0%,50
painting kitchen cabinets price,0,1,0%,50
wallpaper removal and installation,0,1,0%,51
how much does it cost to paint a kitchen cabinets,0,1,0%,52
wallpaper installer london,0,1,0%,52
home decorators paint,0,1,0%,53
painter north london,0,1,0%,53
home painting london,0,1,0%,55
interior and exterior painters,0,1,0%,55
"professional painter in london, n12",0,1,0%,55
painters needed near me,0,1,0%,56
village painters,0,1,0%,57
winchmore kitchens,0,1,0%,57
wood varnish near me,0,1,0%,57
all white decorating,0,1,0%,58
professional painter and decorator rickmansworth,0,1,0%,58
"professional painter in stanmore, greater london",0,1,0%,58
household decorating st albans,0,1,0%,59
"professional painter in potters bar, hertfordshire",0,1,0%,60
spray net,0,1,0%,60
dulux potters bar,0,1,0%,61
golden gate painting,0,1,0%,61
outdoor painter and decorator barnes,0,1,0%,62
painting a kitchen cabinet,0,1,0%,63
commercial respraying bourne,0,1,0%,64
"painter and decorator in barnet, london",0,1,0%,64
"painting contractor in harrow, uk",0,1,0%,64
ab painting,0,1,0%,65
home / house painting,0,1,0%,65
kitchen cabinet repainting service,0,1,0%,65
painters insurance compliance,0,1,0%,65
door painting near me,0,1,0%,66
"interior painter in chadwell heath, greater london",0,1,0%,66
commercial interior decor,0,1,0%,67
painters burwood,0,1,0%,67
professional exterior painting,0,1,0%,67
spray paint on wallpaper,0,1,0%,67
decorators buckhurst hill,0,1,0%,68
roof painting southgate,0,1,0%,69
house painters near me,0,1,0%,71
exterior painters near me,0,1,0%,72
"interior painter in harold wood, greater london",0,1,0%,72
painters and decorators hertfordshire,0,1,0%,72
"professional painter in london, e4",0,1,0%,72
"professional painter in london, e7",0,1,0%,72
professional wallpaper installation,0,1,0%,72
paint color consultant,0,1,0%,73
"professional painter in purley, greater london",0,1,0%,73
cabinet paint near me,0,1,0%,74
painter and decorator whetstone,0,1,0%,76
quality decorating services in borehamwood,0,1,0%,76
decorating furniture,0,1,0%,77
"interior decorator in barnet, london",0,1,0%,77
decorating company,0,1,0%,78
"painter and decorator in potters bar, hertfordshire",0,1,0%,78
commercial decorating,0,1,0%,81
domestic painting,0,1,0%,81
dulux enfield,0,1,0%,81
interior decorating company,0,1,0%,81
kitchen spray painting london,0,1,0%,81
"painter and decorator in northolt, ealing, uk",0,1,0%,81
silicone render pinner,0,1,0%,81
local painters & decorators near me berkhamsted,0,1,0%,82
commercial painter in london,0,1,0%,83
decorating by design,0,1,0%,83
commercial spraying bourne,0,1,0%,85
"interior painter in abbots langley, hertfordshire",0,1,0%,86
local painters and decorators near me berkhamsted,0,1,0%,86
"professional painter in margate, kent, uk",0,1,0%,86
spray kitchen cabinets london,0,1,0%,86
halo spray painting london,0,1,0%,87
painting & decorating hayes,0,1,0%,87
"painting contractor in abbey wood, london",0,1,0%,87
spray paint specialist,0,1,0%,87
winchmore hill bathrooms,0,1,0%,87
insurance backed commercial painting uk,0,1,0%,88
professional wallpaper installers near me,0,1,0%,88
"painter and decorator in chislehurst, london",0,1,0%,89
commercial painter london,0,1,0%,90
commercial painters in my area harpenden,0,1,0%,90
decor painting services,0,1,0%,90
external decorating harrow,0,1,0%,90
wood staining services near me,0,1,0%,91
commercial painters and decorators rickmansworth,0,1,0%,92
"interior painter in hainault, greater london",0,1,0%,92
painters and decorators st albans,0,1,0%,92
property maintanance southgate,0,1,0%,92
staining business,0,1,0%,92
commercial painters in london,0,1,0%,93
how much does painting cabinets cost,0,1,0%,93
"interior designers in barnet, uk",0,1,0%,94
painters north london,0,1,0%,94
"professional painter in romford, redbridge, uk",0,1,0%,94
construction spray paint london,0,1,0%,95
hertfordshire wall coating,0,1,0%,95
"interior painter in abbey wood, london",0,1,0%,95
"interior painter in stanmore, harrow, uk",0,1,0%,95
"interior painter in enfield, london",0,1,0%,96
"interior painter in rickmansworth, hertfordshire",0,1,0%,96
london house painting,0,1,0%,96
painter and decorator wood green,0,1,0%,96
professional painting and decorating services,0,1,0%,96
decorator painter berkhamsted,0,1,0%,97
high speed roller doors hertfordshire,0,1,0%,97
interior+house+painting+services,0,1,0%,97
"painter and decorator in wood green, london",0,1,0%,97
"professional painter in enfield, london",0,1,0%,97
professional painters for kitchen cabinets,0,1,0%,97
decorating and design,0,1,0%,98